case	target	http	seconds	trace	prompt	answer
d1	demo	200	3.869078	-	What kind of shop is this?	 I should look at the available tools to see if there's any information about the shop. The tool descriptions mention "Astronomy Shop" in several places (e.g., 
d2	demo	200	16.117268	00b180335763dd9cbaf09ea736da65d0	What telescopes do you sell?	  Looking at the results: 1. Solar System Color Imager - categories: ["accessories", "telescopes"] 2. Eclipsmart Travel Refractor Telescope - categories: ["tele
d3	demo	200	13.894260	1b167cd1cbca964a3435ca44bbaff87d	Find me a telescope under $500.	 Looking at the list of products: 1.  Solar System Color Imager: $175 (Category: accessories, telescopes) - This looks like an imager/accessory, not a standalon
d4	demo	200	11.263985	16f87f3882676852443fced3a928f6e6	What is the cheapest product you have?	 Looking through the list: 1. Solar System Color Imager: $175.00 2. Eclipsmart Travel Refractor Telescope: $129.95 3. Roof Binoculars: $209.95 4. Starsense Expl
d5	demo	200	6.179423	56452bb8e47dd8770df6d800eeb9c41b	Do you sell the Hubble Space Telescope?	 - Solar System Color Imager - Eclipsmart Travel Refractor Telescope - Starsense Explorer Refractor Telescope - Optical Tube Assembly - National Park Foundation
d6	demo	200	11.467211	ea8cae7769cdbda5775dee9f3b5e6762	Recommend accessories for the Starsense Explorer.	 The recommended accessories are: 1. Lens Cleaning Kit 2. Red Flashlight 3. Solar Filter  I will present these to the user.</thought>For the Starsense Explorer,
d7	demo	200	7.757503	52965031bc17c838b5a68b244be56e31	What currencies do you support?	We support the following currencies: ZAR, ISK, ILS, RON, GBP, BRL, CZK, AUD, BGN, JPY, PHP, HUF, USD, SGD, IDR, CHF, TRY, NZD, THB, DKK, PLN, NOK, HRK, HKD, EUR
d8	demo	200	23.937198	2b0a2b79e66b8f442654f9dfb601ffbf	Add one lens cleaning kit to my cart.	 Now I need a `user_id` to add it to the cart. Since the user didn't provide one, and there's no "get current user" tool, I should probably ask for the user ID 
k1	lab7-k8s-agent	200	4.360531	cd6afa7524cedce6e06dc0547444d954	Which pods run in namespace phoenix, and are they ready?	The following pods are running in namespace `phoenix`:  * **`phoenix-85ccd45c57-vcx9t`**: Ready (`1/1`, Status: Running) * **`phoenix-postgresql-0`**: Ready (`1
k2	lab7-k8s-agent	200	12.811974	e5e4c6dbff6078c75f019d1ebd30520e	Show recent Warning events in namespace otel-demo.	There are currently **no Warning events** (or any Kubernetes events) in namespace `otel-demo`.   Kubernetes events automatically expire (TTL is typically 1 hour
k3	lab7-k8s-agent	200	11.544590	bff591ebe916256feea0c171c81340fc	Show the last log lines of pod ghost-pod in namespace default.	Pod `ghost-pod` does not exist in namespace `default`. 
k4	lab7-orchestrator	200	14.776213	69a012fc6acad78e9464f55674428515	Is the jaeger deployment in namespace otel-demo healthy?	Yes, the Jaeger deployment in the `otel-demo` namespace is healthy. The deployment is reporting 1/1 ready replicas, with its underlying pod running normally and
